﻿{
    "id":  "wizzlethorpe-labs",
    "title":  "Wizzlethorpe Labs Tools",
    "description":  "Tools from Wizzlethorpe Labs: image generation for characters, creatures, items, and scenes, plus magical cocktails with unpredictable effects.",
    "version":  "4.3.0",
    "compatibility":  {
                          "minimum":  "13.0",
                          "verified":  "13.0"
                      },
    "authors":  [
                    {
                        "name":  "Wizzlethorpe Labs",
                        "url":  "https://wizzlethorpe.com",
                        "email":  "bixby@wizzlethorpe.com"
                    }
                ],
    "esmodules":  [
                      "scripts/wizzlethorpe.js"
                  ],
    "styles":  [
                   "styles/wizzlethorpe.css"
               ],
    "languages":  [
                      {
                          "lang":  "en",
                          "name":  "English",
                          "path":  "lang/en.json"
                      }
                  ],
    "url":  "https://wizzlethorpe.com",
    "manifest":  "https://github.com/wizzlethorpe/wizzlethorpe-foundry/releases/latest/download/module.json",
    "download":  "https://github.com/wizzlethorpe/wizzlethorpe-foundry/releases/download/v4.3.0/module.zip",
    "license":  "LICENSE",
    "readme":  "README.md",
    "bugs":  "https://github.com/wizzlethorpe/wizzlethorpe-foundry/issues",
    "flags":  {
                  "hotReload":  {
                                    "extensions":  [
                                                       "css",
                                                       "html",
                                                       "hbs",
                                                       "json"
                                                   ],
                                    "paths":  [
                                                  "scripts",
                                                  "styles",
                                                  "templates",
                                                  "lang"
                                              ]
                                }
              }
}
